{
  "dependencies": [
    {
      "lib": "jquery",
      "name": "jQuery",
      "version": "3.5.1",
      "url": "https://code.jquery.com/jquery-$v.min.js",
      "dest": "program/js/jquery.min.js",
      "sha1": "c8e1c8b386dc5b7a9184c763c88d19a346eb3342",
      "license": "MIT",
      "copyright": "Copyright JS Foundation and other contributors",
      "source": "https://github.com/jquery/jquery/tree/$v"
    },
    {
      "lib": "jstz",
      "name": "jsTimezoneDetect",
      "version": "1.0.7",
      "url": "https://cdnjs.cloudflare.com/ajax/libs/jstimezonedetect/1.0.7/jstz.min.js",
      "dest": "program/js/jstz.min.js",
      "sha1": "a858ff12014b232fcc7c4c2e9f014ff852ddb917",
      "license": "MIT",
      "copyright": "Copyright (c) Jon Nylander",
      "source": "https://cdnjs.cloudflare.com/ajax/libs/jstimezonedetect/1.0.7/jstz.min.js"
    },
    {
      "lib": "publickey",
      "name": "PublicKey.js",
      "version": "0e011cb1",
      "url": "https://raw.githubusercontent.com/diafygi/publickeyjs/$v/publickey.js",
      "api_url": "https://api.github.com/repos/diafygi/publickeyjs/contents/publickey.js?ref=$v",
      "dest": "program/js/publickey.js",
      "sha1": "d0920e190754e024c4be76ad5bbc7e76b2e37a4d",
      "license": "GPLv3",
      "copyright": "Copyright (c) 2015 Daniel Roesler",
      "source": "https://github.com/diafygi/publickeyjs/blob/master/publickey.js"
    },
    {
      "lib": "tinymce",
      "version": "5.8.2",
      "url": "https://download.tiny.cloud/tinymce/community/tinymce_$v.zip",
      "dest": "program/js",
      "sha1": "ca0d7e814419920b117dbc5681f1f63669ccc4f6",
      "license": "LGPL",
      "copyright": "Copyright (c) Tiny Technologies, Inc. All rights reserved",
      "rm": "program/js/tinymce",
      "map": {
        "js/tinymce": "tinymce"
      },
      "omit": [
        "tinymce/license.txt",
        "tinymce/tinymce.d.ts",
        "tinymce/jquery.tinymce.min.js",
        "tinymce/themes/mobile"
      ]
    },
    {
      "lib": "tinymce-langs",
      "version": "5.8.2",
      "url": "https://www.tiny.cloud/tinymce-services-azure/1/i18n/download?langs=ar,hy,az,eu,be,bs,bg_BG,ca,zh_CN,zh_TW,hr,cs,cs_CZ,da,nl,en_CA,en_GB,eo,et,fo,fi,fr_FR,fr_CH,gd,gl,ka_GE,de,de_AT,el,he_IL,hi_IN,hu_HU,is_IS,id,ga,it,ja,kab,km_KH,ko_KR,ku,ku_IQ,lv,lt,lb,mk_MK,ml_IN,nb_NO,oc,fa,fa_IR,pl,pt_BR,pt_PT,ro,ru,sk,sl_SI,es,es_MX,sv_SE,tg,ta,ta_IN,tt,th_TH,tr,tr_TR,ug,uk,uk_UA,vi,vi_VN,cy&v=$v&extension=.zip",
      "dest": "program/js/tinymce"
    },
    {
      "lib": "openpgp",
      "name": "OpenPGP.js",
      "version": "5.0.0",
      "url": "https://cdn.jsdelivr.net/npm/openpgp@$v/dist/openpgp.min.js",
      "dest": "plugins/enigma/openpgp.min.js",
      "sha1": "0fc8b02e9d26a28280b46fd8d3a1516d9bff21db",
      "license": "LGPL",
      "copyright": "Copyright (c) OpenPGP Development Team",
      "source": "https://cdn.jsdelivr.net/npm/openpgp@$v/dist/openpgp.js"
    },
    {
      "lib": "codemirror",
      "version": "5.58.3",
      "url": "https://codemirror.net/codemirror-$v.zip",
      "dest": "plugins/managesieve/codemirror",
      "sha1": "9dffee4cda2d2f94f80e9ed282cfb152285dfef9",
      "license": "MIT",
      "map": {
        "lib": "lib",
        "addon/selection": "addon/selection",
        "mode/sieve": "mode/sieve"
      }
    },
    {
      "lib": "bootstrap",
      "name": "Bootstrap",
      "version": "4.5.3",
      "url": "https://github.com/twbs/bootstrap/releases/download/v$v/bootstrap-$v-dist.zip",
      "dest": "skins/elastic/deps",
      "sha1": "754b94b6d4fface5c0876b13d739dbe920c79ac4",
      "license": "MIT",
      "flat": true,
      "sourcemap": false,
      "map": {
        "bootstrap.bundle.min.js": "bootstrap.bundle.min.js",
        "bootstrap.min.css": "bootstrap.min.css"
      }
    },
    {
      "lib": "less",
      "name": "LessJS",
      "version": "3.13.0",
      "url": "https://raw.githubusercontent.com/less/less.js/v$v/dist/less.min.js",
      "api_url": "https://api.github.com/repos/less/less.js/contents/dist/less.min.js?ref=v$v",
      "dest": "skins/elastic/deps/less.min.js",
      "sha1": "43a33274a059825253a61b1ad158c9c380bf736b",
      "license": "Apache-2.0",
      "source": "https://raw.githubusercontent.com/less/less.js/v$v/dist/less.js"
    }
  ]
}